<?xml version="1.0" encoding="UTF-8"?>
<configuration>

	<property name="logDir" value="C:/logs/" />
	 
    <appender name="consoleAppender" class="ch.qos.logback.core.ConsoleAppender">
        <encoder>
            <Pattern>.%d{HH:mm:ss.SSS} [%thread] %-5level %logger{36} - %msg %n</Pattern>
        </encoder>
        <!--  
        <filter class="ch.qos.logback.classic.filter.ThresholdFilter">
            <level>INFO</level>
        </filter>
        -->
    </appender>
    
      <appender name="dailyRollingFileAppender" class="ch.qos.logback.core.rolling.RollingFileAppender">
        <File>${logDir}/TMS.log</File>
        <rollingPolicy class="ch.qos.logback.core.rolling.TimeBasedRollingPolicy">
            <FileNamePattern>${logDir}/TMS.%d{yyyy-MM-dd}.log</FileNamePattern> 
            <maxHistory>5</maxHistory>            
        </rollingPolicy>
 
        <encoder>
            <Pattern>%d{HH:mm:ss.SSS} [%thread] %-5level %logger{35} - %msg %n</Pattern>
        </encoder>         
      </appender>

      

  	<logger name="com.knits.tms" additivity="false">
			<level value="INFO" />
			<appender-ref ref="consoleAppender" />
	</logger>
	
	
  	<logger name="org.hibernate" additivity="false">
			<level value="DEBUG" />
			<appender-ref ref="dailyRollingFileAppender" />
			<appender-ref ref="consoleAppender" />
	</logger>
	
	
		<logger name="com.zaxxer" additivity="false">
			<level value="INFO" />
			<appender-ref ref="dailyRollingFileAppender" />
			<appender-ref ref="consoleAppender" />
	</logger>

	<logger name="org.springframework" additivity="false">
			<level value="info" />
			<appender-ref ref="consoleAppender" />
	</logger>

	<root>
		<level value="ERROR" />
		<appender-ref ref="dailyRollingFileAppender"/>
		<appender-ref ref="consoleAppender" />
	</root>

    <!-- 
 		<root>
        <level value="DEBUG" />
        	<appender-ref ref="dailyRollingFileAppender"/>
        	<appender-ref ref="consoleAppender" />
    	</root>
     -->
</configuration>